Date,Open,High,Low,Close,Adj Close,Volume,Close Diff Prev Day,Number of Tweets,average_sentiment,Stock Name_AAPL,Stock Name_AMD,Stock Name_AMZN,Stock Name_BA,Stock Name_BX,Stock Name_COST,Stock Name_CRM,Stock Name_DIS,Stock Name_ENPH,Stock Name_F,Stock Name_GOOG,Stock Name_INTC,Stock Name_KO,Stock Name_META,Stock Name_MSFT,Stock Name_NFLX,Stock Name_NIO,Stock Name_NOC,Stock Name_PG,Stock Name_PYPL,Stock Name_TSLA,Stock Name_VZ,Stock Name_XPEV,Stock Name_ZS
2021-10-01,259.4666748,260.2600098,254.5299988,258.4066772,258.4066772,51094200,-0.08667000000002645,94.0,0.23360531914893617,0,0,0,0,0,0,0,0,0,0,0,0,0,0,0,0,0,0,0,0,1,0,0,0
2021-10-04,265.5,268.9899902,258.706665,260.5100098,260.5100098,91449900,2.1033325999999875,119.0,0.13407899159663864,0,0,0,0,0,0,0,0,0,0,0,0,0,0,0,0,0,0,0,0,1,0,0,0
2021-10-05,261.6000061,265.769989,258.0666809,260.1966553,260.1966553,55297800,-0.31335450000000264,88.0,0.08550227272727273,0,0,0,0,0,0,0,0,0,0,0,0,0,0,0,0,0,0,0,0,1,0,0,0
2021-10-06,258.7333374,262.2200012,257.7399902,260.9166565,260.9166565,43898400,0.7200012000000129,78.0,0.21946282051282048,0,0,0,0,0,0,0,0,0,0,0,0,0,0,0,0,0,0,0,0,1,0,0,0
2021-10-07,261.8200073,268.3333435,261.1266785,264.5366821,264.5366821,57587400,3.6200256000000195,137.0,0.19317883211678832,0,0,0,0,0,0,0,0,0,0,0,0,0,0,0,0,0,0,0,0,1,0,0,0
2021-10-08,265.4033203,265.4599915,260.3033447,261.8299866,261.8299866,50215800,-2.7066955000000235,90.0,0.22215666666666667,0,0,0,0,0,0,0,0,0,0,0,0,0,0,0,0,0,0,0,0,1,0,0,0
2021-10-11,262.5499878,267.0799866,261.8333435,263.980011,263.980011,42600900,2.1500244000000066,95.0,0.20568631578947366,0,0,0,0,0,0,0,0,0,0,0,0,0,0,0,0,0,0,0,0,1,0,0,0
2021-10-12,266.9766541,270.7733459,265.5233459,268.5733337,268.5733337,66060000,4.593322699999987,115.0,0.1937295652173913,0,0,0,0,0,0,0,0,0,0,0,0,0,0,0,0,0,0,0,0,1,0,0,0
2021-10-13,270.1566772,271.8033447,268.5933228,270.3599854,270.3599854,42360300,1.78665170000005,87.0,0.16159080459770114,0,0,0,0,0,0,0,0,0,0,0,0,0,0,0,0,0,0,0,0,1,0,0,0
2021-10-14,271.8299866,273.4166565,271.1166687,272.7733459,272.7733459,36741600,2.4133604999999534,107.0,0.16172429906542057,0,0,0,0,0,0,0,0,0,0,0,0,0,0,0,0,0,0,0,0,1,0,0,0
2021-10-15,274.5799866,281.0700073,274.1166687,281.0100098,281.0100098,56773800,8.236663899999996,142.0,0.08691760563380281,0,0,0,0,0,0,0,0,0,0,0,0,0,0,0,0,0,0,0,0,1,0,0,0
2021-10-18,283.9299927,291.7533264,283.8233337,290.0366821,290.0366821,72621600,9.02667230000003,148.0,0.2231304054054054,0,0,0,0,0,0,0,0,0,0,0,0,0,0,0,0,0,0,0,0,1,0,0,0
2021-10-19,292.5100098,292.6499939,287.5033264,288.0899963,288.0899963,52143300,-1.9466858000000116,112.0,0.15783035714285715,0,0,0,0,0,0,0,0,0,0,0,0,0,0,0,0,0,0,0,0,1,0,0,0
2021-10-20,288.4500122,289.8299866,285.793335,288.6000061,288.6000061,42096300,0.5100097999999775,174.0,0.1059919540229885,0,0,0,0,0,0,0,0,0,0,0,0,0,0,0,0,0,0,0,0,1,0,0,0
2021-10-21,285.3333435,300.0,285.1666565,298.0,298.0,94444500,9.399993900000027,180.0,0.18605666666666668,0,0,0,0,0,0,0,0,0,0,0,0,0,0,0,0,0,0,0,0,1,0,0,0
2021-10-22,298.5,303.3333435,296.9866638,303.2266541,303.2266541,68642400,5.226654100000019,167.0,0.2108455089820359,0,0,0,0,0,0,0,0,0,0,0,0,0,0,0,0,0,0,0,0,1,0,0,0
2021-10-25,316.8433228,348.3399963,314.7333374,341.6199951,341.6199951,188556300,38.393340999999964,462.0,0.20890454545454548,0,0,0,0,0,0,0,0,0,0,0,0,0,0,0,0,0,0,0,0,1,0,0,0
2021-10-26,341.563324,364.980011,333.813324,339.4766541,339.4766541,187245000,-2.143340999999964,238.0,0.18419369747899159,0,0,0,0,0,0,0,0,0,0,0,0,0,0,0,0,0,0,0,0,1,0,0,0
2021-10-27,346.5533447,356.9599915,343.5933228,345.9533386,345.9533386,115579500,6.476684499999976,177.0,0.14042429378531074,0,0,0,0,0,0,0,0,0,0,0,0,0,0,0,0,0,0,0,0,1,0,0,0
2021-10-28,356.1033325,360.3333435,351.3999939,359.0133362,359.0133362,81639600,13.059997600000031,125.0,0.1899768,0,0,0,0,0,0,0,0,0,0,0,0,0,0,0,0,0,0,0,0,1,0,0,0
2021-10-29,360.6199951,371.7366638,357.7366638,371.3333435,371.3333435,89755200,12.320007299999986,189.0,0.1419047619047619,0,0,0,0,0,0,0,0,0,0,0,0,0,0,0,0,0,0,0,0,1,0,0,0
2021-11-01,381.6666565,403.25,372.8866577,402.8633423,402.8633423,168146100,31.529998799999987,261.0,0.21455938697318008,0,0,0,0,0,0,0,0,0,0,0,0,0,0,0,0,0,0,0,0,1,0,0,0
2021-11-02,386.4533386,402.8633423,382.0,390.6666565,390.6666565,128213400,-12.196685800000012,205.0,0.16648097560975608,0,0,0,0,0,0,0,0,0,0,0,0,0,0,0,0,0,0,0,0,1,0,0,0
2021-11-03,392.4433289,405.1300049,384.206665,404.6199951,404.6199951,103885500,13.953338599999995,130.0,0.16490846153846153,0,0,0,0,0,0,0,0,0,0,0,0,0,0,0,0,0,0,0,0,1,0,0,0
2021-11-04,411.4700012,414.4966736,405.6666565,409.9700012,409.9700012,76192200,5.35000610000003,149.0,0.21021275167785236,0,0,0,0,0,0,0,0,0,0,0,0,0,0,0,0,0,0,0,0,1,0,0,0
2021-11-05,409.3333435,413.2900085,402.6666565,407.3633423,407.3633423,64886400,-2.6066589000000135,89.0,0.22659662921348317,0,0,0,0,0,0,0,0,0,0,0,0,0,0,0,0,0,0,0,0,1,0,0,0
2021-11-08,383.2633362,399.0,377.6666565,387.6466675,387.6466675,100337100,-19.71667480000002,217.0,0.15448801843317972,0,0,0,0,0,0,0,0,0,0,0,0,0,0,0,0,0,0,0,0,1,0,0,0
2021-11-09,391.2000122,391.5,337.1733398,341.1666565,341.1666565,177317400,-46.48001099999999,201.0,0.1631452736318408,0,0,0,0,0,0,0,0,0,0,0,0,0,0,0,0,0,0,0,0,1,0,0,0
2021-11-10,336.8033447,359.3666687,329.1033325,355.9833374,355.9833374,128408100,14.816680899999994,189.0,0.17293544973544975,0,0,0,0,0,0,0,0,0,0,0,0,0,0,0,0,0,0,0,0,1,0,0,0
2021-11-11,367.5899963,368.3233337,351.5599976,354.5033264,354.5033264,67189800,-1.4800109999999904,151.0,0.24988940397350992,0,0,0,0,0,0,0,0,0,0,0,0,0,0,0,0,0,0,0,0,1,0,0,0
2021-11-12,349.1666565,351.5,339.7333374,344.4733276,344.4733276,76719300,-10.029998799999987,129.0,0.24743798449612403,0,0,0,0,0,0,0,0,0,0,0,0,0,0,0,0,0,0,0,0,1,0,0,0
2021-11-15,339.2099915,343.9933472,326.2000122,337.7966614,337.7966614,104326800,-6.6766662,151.0,0.16138079470198677,0,0,0,0,0,0,0,0,0,0,0,0,0,0,0,0,0,0,0,0,1,0,0,0
2021-11-16,334.436676,352.3999939,334.0599976,351.5766602,351.5766602,79627200,13.779998799999987,129.0,0.1766922480620155,0,0,0,0,0,0,0,0,0,0,0,0,0,0,0,0,0,0,0,0,1,0,0,0
2021-11-17,354.5033264,373.2133179,351.8333435,363.0033264,363.0033264,94336200,11.4266662,113.0,0.20456637168141592,0,0,0,0,0,0,0,0,0,0,0,0,0,0,0,0,0,0,0,0,1,0,0,0
2021-11-18,368.8500061,370.6666565,358.3399963,365.4599915,365.4599915,62696700,2.4566651000000093,128.0,0.173521875,0,0,0,0,0,0,0,0,0,0,0,0,0,0,0,0,0,0,0,0,1,0,0,0
2021-11-19,366.2900085,379.5733337,364.2333374,379.019989,379.019989,64926900,13.559997500000009,123.0,0.1875430894308943,0,0,0,0,0,0,0,0,0,0,0,0,0,0,0,0,0,0,0,0,1,0,0,0
2021-11-22,387.4433289,400.6499939,377.4766541,385.6233215,385.6233215,99217500,6.603332499999965,124.0,0.2085467741935484,0,0,0,0,0,0,0,0,0,0,0,0,0,0,0,0,0,0,0,0,1,0,0,0
2021-11-23,389.1700134,393.5,354.2333374,369.6766663,369.6766663,108515100,-15.946655199999952,126.0,0.19889841269841269,0,0,0,0,0,0,0,0,0,0,0,0,0,0,0,0,0,0,0,0,1,0,0,0
2021-11-24,360.1300049,377.5899963,354.0,372.0,372.0,67680600,2.323333699999978,98.0,0.25116122448979594,0,0,0,0,0,0,0,0,0,0,0,0,0,0,0,0,0,0,0,0,1,0,0,0
2021-11-26,366.4899902,369.5933228,360.3333435,360.6400146,360.6400146,35042700,-11.359985400000028,87.0,0.1096632183908046,0,0,0,0,0,0,0,0,0,0,0,0,0,0,0,0,0,0,0,0,1,0,0,0
2021-11-29,366.9966736,380.8900146,366.730011,378.9966736,378.9966736,58393500,18.356659000000036,97.0,0.16719690721649486,0,0,0,0,0,0,0,0,0,0,0,0,0,0,0,0,0,0,0,0,1,0,0,0
2021-11-30,381.456665,389.3333435,372.6666565,381.5866699,381.5866699,81276000,2.5899962999999957,98.0,0.13669795918367347,0,0,0,0,0,0,0,0,0,0,0,0,0,0,0,0,0,0,0,0,1,0,0,0
2021-12-01,386.8999939,390.9466553,363.5866699,365.0,365.0,68450400,-16.586669900000004,115.0,0.16709652173913045,0,0,0,0,0,0,0,0,0,0,0,0,0,0,0,0,0,0,0,0,1,0,0,0
2021-12-02,366.3533325,371.0,352.2166748,361.5333252,361.5333252,73114800,-3.466674800000021,116.0,0.1209801724137931,0,0,0,0,0,0,0,0,0,0,0,0,0,0,0,0,0,0,0,0,1,0,0,0
2021-12-03,361.5966797,363.5266724,333.4033203,338.3233337,338.3233337,92322000,-23.2099915,117.0,0.17647350427350428,0,0,0,0,0,0,0,0,0,0,0,0,0,0,0,0,0,0,0,0,1,0,0,0
2021-12-06,333.8366699,340.5466614,316.8333435,336.3366699,336.3366699,81663000,-1.986663799999974,161.0,0.1889577639751553,0,0,0,0,0,0,0,0,0,0,0,0,0,0,0,0,0,0,0,0,1,0,0,0
2021-12-07,348.0666809,352.5566711,342.269989,350.5833435,350.5833435,56084700,14.246673600000008,116.0,0.16369655172413794,0,0,0,0,0,0,0,0,0,0,0,0,0,0,0,0,0,0,0,0,1,0,0,0
2021-12-08,350.9033203,357.4599915,344.3333435,356.3200073,356.3200073,41906400,5.736663799999974,102.0,0.2789990196078431,0,0,0,0,0,0,0,0,0,0,0,0,0,0,0,0,0,0,0,0,1,0,0,0
2021-12-09,353.5466614,354.1633301,334.1199951,334.6000061,334.6000061,59438400,-21.720001200000013,107.0,0.10705700934579439,0,0,0,0,0,0,0,0,0,0,0,0,0,0,0,0,0,0,0,0,1,0,0,0
2021-12-10,336.25,340.3266602,327.5100098,339.0100098,339.0100098,59664300,4.410003700000004,109.0,0.23513394495412843,0,0,0,0,0,0,0,0,0,0,0,0,0,0,0,0,0,0,0,0,1,0,0,0
2021-12-13,333.6966553,335.0,317.1400146,322.1366577,322.1366577,78595500,-16.873352099999977,132.0,0.16433484848484847,0,0,0,0,0,0,0,0,0,0,0,0,0,0,0,0,0,0,0,0,1,0,0,0
2021-12-14,315.0,322.1366577,310.0,319.5033264,319.5033264,70806300,-2.633331300000009,133.0,0.12875488721804512,0,0,0,0,0,0,0,0,0,0,0,0,0,0,0,0,0,0,0,0,1,0,0,0
2021-12-15,317.7366638,326.25,309.4166565,325.3299866,325.3299866,75169200,5.826660199999992,102.0,0.18892352941176468,0,0,0,0,0,0,0,0,0,0,0,0,0,0,0,0,0,0,0,0,1,0,0,0
2021-12-16,331.5,331.6600037,307.2833252,308.9733276,308.9733276,82771500,-16.35665899999998,114.0,0.21960877192982456,0,0,0,0,0,0,0,0,0,0,0,0,0,0,0,0,0,0,0,0,1,0,0,0
2021-12-17,304.9233398,320.2200012,303.0133362,310.8566589,310.8566589,100437300,1.883331300000009,113.0,0.19887522123893805,0,0,0,0,0,0,0,0,0,0,0,0,0,0,0,0,0,0,0,0,1,0,0,0
2021-12-20,303.5666809,307.230011,297.7966614,299.980011,299.980011,56480100,-10.876647900000023,102.0,0.12608039215686276,0,0,0,0,0,0,0,0,0,0,0,0,0,0,0,0,0,0,0,0,1,0,0,0
2021-12-21,305.6233215,313.1666565,295.3733215,312.8433228,312.8433228,71517900,12.86331180000002,102.0,0.12981764705882354,0,0,0,0,0,0,0,0,0,0,0,0,0,0,0,0,0,0,0,0,1,0,0,0
2021-12-22,321.8866577,338.5533447,319.0166626,336.2900085,336.2900085,93634200,23.44668569999999,167.0,0.20290718562874252,0,0,0,0,0,0,0,0,0,0,0,0,0,0,0,0,0,0,0,0,1,0,0,0
2021-12-23,335.6000061,357.6600037,332.519989,355.6666565,355.6666565,92713200,19.37664799999999,154.0,0.22168246753246754,0,0,0,0,0,0,0,0,0,0,0,0,0,0,0,0,0,0,0,0,1,0,0,0
2021-12-27,357.8900146,372.3333435,356.9066772,364.6466675,364.6466675,71145900,8.98001099999999,116.0,0.17277413793103447,0,0,0,0,0,0,0,0,0,0,0,0,0,0,0,0,0,0,0,0,1,0,0,0
2021-12-28,369.8299866,373.0,359.4733276,362.8233337,362.8233337,60324000,-1.8233338000000003,105.0,0.22839809523809523,0,0,0,0,0,0,0,0,0,0,0,0,0,0,0,0,0,0,0,0,1,0,0,0
2021-12-29,366.2133179,368.0,354.7133179,362.063324,362.063324,56154000,-0.760009699999955,167.0,0.14017724550898203,0,0,0,0,0,0,0,0,0,0,0,0,0,0,0,0,0,0,0,0,1,0,0,0
2021-12-30,353.7766724,365.1833191,351.0499878,356.7799988,356.7799988,47040900,-5.283325200000036,123.0,0.10571951219512195,0,0,0,0,0,0,0,0,0,0,0,0,0,0,0,0,0,0,0,0,1,0,0,0
2021-12-31,357.813324,360.6666565,351.5299988,352.2600098,352.2600098,40733700,-4.51998900000001,128.0,0.1776875,0,0,0,0,0,0,0,0,0,0,0,0,0,0,0,0,0,0,0,0,1,0,0,0
2022-01-03,382.5833435,400.3566589,378.6799927,399.9266663,399.9266663,103931400,47.666656500000045,307.0,0.14482312703583064,0,0,0,0,0,0,0,0,0,0,0,0,0,0,0,0,0,0,0,0,1,0,0,0
2022-01-04,396.5166626,402.6666565,374.3500061,383.1966553,383.1966553,100248300,-16.730011000000047,140.0,0.08949,0,0,0,0,0,0,0,0,0,0,0,0,0,0,0,0,0,0,0,0,1,0,0,0
2022-01-05,382.2166748,390.1133423,360.3366699,362.706665,362.706665,80119800,-20.489990299999988,154.0,0.1186487012987013,0,0,0,0,0,0,0,0,0,0,0,0,0,0,0,0,0,0,0,0,1,0,0,0
2022-01-06,359.0,362.6666565,340.1666565,354.8999939,354.8999939,90336600,-7.80667109999996,117.0,0.14082649572649575,0,0,0,0,0,0,0,0,0,0,0,0,0,0,0,0,0,0,0,0,1,0,0,0
2022-01-07,360.1233215,360.3099976,336.6666565,342.3200073,342.3200073,84164700,-12.57998660000004,135.0,0.10427777777777779,0,0,0,0,0,0,0,0,0,0,0,0,0,0,0,0,0,0,0,0,1,0,0,0
2022-01-10,333.3333435,353.0333252,326.6666565,352.706665,352.706665,91815000,10.3866577,150.0,0.1786326666666667,0,0,0,0,0,0,0,0,0,0,0,0,0,0,0,0,0,0,0,0,1,0,0,0
2022-01-11,351.2233276,358.6166687,346.2733459,354.7999878,354.7999878,66063300,2.09332280000001,109.0,0.20716880733944953,0,0,0,0,0,0,0,0,0,0,0,0,0,0,0,0,0,0,0,0,1,0,0,0
2022-01-12,359.6166687,371.6133423,357.5299988,368.7399902,368.7399902,83739000,13.940002400000026,147.0,0.1719904761904762,0,0,0,0,0,0,0,0,0,0,0,0,0,0,0,0,0,0,0,0,1,0,0,0
2022-01-13,369.6900024,371.8666687,342.1799927,343.8533325,343.8533325,97209900,-24.8866577,156.0,0.1105,0,0,0,0,0,0,0,0,0,0,0,0,0,0,0,0,0,0,0,0,1,0,0,0
2022-01-14,339.9599915,350.6666565,337.793335,349.8699951,349.8699951,72924300,6.016662599999961,163.0,0.22542944785276073,0,0,0,0,0,0,0,0,0,0,0,0,0,0,0,0,0,0,0,0,1,0,0,0
2022-01-18,342.2033386,356.9299927,338.686676,343.5033264,343.5033264,66743400,-6.366668699999991,99.0,0.150110101010101,0,0,0,0,0,0,0,0,0,0,0,0,0,0,0,0,0,0,0,0,1,0,0,0
2022-01-19,347.2366638,351.5566711,331.6666565,331.8833313,331.8833313,75442500,-11.619995099999983,101.0,0.1020930693069307,0,0,0,0,0,0,0,0,0,0,0,0,0,0,0,0,0,0,0,0,1,0,0,0
2022-01-20,336.5766602,347.2200012,331.3333435,332.0899963,332.0899963,70488600,0.20666499999998678,104.0,0.17703653846153847,0,0,0,0,0,0,0,0,0,0,0,0,0,0,0,0,0,0,0,0,1,0,0,0
2022-01-21,332.1133423,334.8500061,313.5,314.6333313,314.6333313,103416000,-17.456664999999987,159.0,0.07062389937106918,0,0,0,0,0,0,0,0,0,0,0,0,0,0,0,0,0,0,0,0,1,0,0,0
2022-01-24,301.5866699,311.1700134,283.8233337,310.0,310.0,151565700,-4.633331300000009,164.0,0.08121646341463415,0,0,0,0,0,0,0,0,0,0,0,0,0,0,0,0,0,0,0,0,1,0,0,0
2022-01-25,304.7333374,317.0866699,301.0700073,306.1333313,306.1333313,86595900,-3.866668699999991,157.0,0.14123694267515924,0,0,0,0,0,0,0,0,0,0,0,0,0,0,0,0,0,0,0,0,1,0,0,0
2022-01-26,317.4766541,329.230011,302.0,312.4700012,312.4700012,104867400,6.336669900000004,314.0,0.17359171974522294,0,0,0,0,0,0,0,0,0,0,0,0,0,0,0,0,0,0,0,0,1,0,0,0
2022-01-27,311.1199951,311.7966614,276.3333435,276.3666687,276.3666687,147109500,-36.10333250000002,263.0,0.08980152091254752,0,0,0,0,0,0,0,0,0,0,0,0,0,0,0,0,0,0,0,0,1,0,0,0
2022-01-28,277.186676,285.8333435,264.0033264,282.1166687,282.1166687,134789100,5.75,187.0,0.168148128342246,0,0,0,0,0,0,0,0,0,0,0,0,0,0,0,0,0,0,0,0,1,0,0,0
2022-01-31,290.9033203,312.6633301,287.3500061,312.2399902,312.2399902,104436000,30.12332150000003,131.0,0.1519969465648855,0,0,0,0,0,0,0,0,0,0,0,0,0,0,0,0,0,0,0,0,1,0,0,0
2022-02-01,311.7366638,314.5666809,301.6666565,310.4166565,310.4166565,73138200,-1.8233337000000347,114.0,0.16472368421052633,0,0,0,0,0,0,0,0,0,0,0,0,0,0,0,0,0,0,0,0,1,0,0,0
2022-02-02,309.3933411,310.5,296.4700012,301.8866577,301.8866577,66792900,-8.529998799999987,96.0,0.13478854166666668,0,0,0,0,0,0,0,0,0,0,0,0,0,0,0,0,0,0,0,0,1,0,0,0
2022-02-03,294.0,312.3333435,293.5066528,297.0466614,297.0466614,78855600,-4.839996299999996,100.0,0.127335,0,0,0,0,0,0,0,0,0,0,0,0,0,0,0,0,0,0,0,0,1,0,0,0
2022-02-04,299.0733337,312.1666565,293.7233276,307.7733459,307.7733459,73625400,10.726684499999976,81.0,0.23214938271604937,0,0,0,0,0,0,0,0,0,0,0,0,0,0,0,0,0,0,0,0,1,0,0,0
2022-02-07,307.9299927,315.9233398,300.9033203,302.4466553,302.4466553,60994500,-5.326690600000006,83.0,0.1268987951807229,0,0,0,0,0,0,0,0,0,0,0,0,0,0,0,0,0,0,0,0,1,0,0,0
2022-02-08,301.8433228,308.7633362,298.2666626,307.3333435,307.3333435,50729100,4.886688200000037,110.0,0.20008727272727272,0,0,0,0,0,0,0,0,0,0,0,0,0,0,0,0,0,0,0,0,1,0,0,0
2022-02-09,311.6666565,315.4233398,306.6666565,310.6666565,310.6666565,52259400,3.3333129999999755,87.0,0.14244827586206898,0,0,0,0,0,0,0,0,0,0,0,0,0,0,0,0,0,0,0,0,1,0,0,0
2022-02-10,302.7900085,314.6033325,298.8999939,301.5166626,301.5166626,66126900,-9.14999389999997,68.0,0.14429411764705882,0,0,0,0,0,0,0,0,0,0,0,0,0,0,0,0,0,0,0,0,1,0,0,0
2022-02-11,303.2099915,305.3200073,283.5666809,286.6666565,286.6666565,79645800,-14.85000610000003,99.0,0.10576464646464645,0,0,0,0,0,0,0,0,0,0,0,0,0,0,0,0,0,0,0,0,1,0,0,0
2022-02-14,287.1900024,299.6266785,284.3833313,291.9200134,291.9200134,67756500,5.253356900000028,114.0,0.23165175438596491,0,0,0,0,0,0,0,0,0,0,0,0,0,0,0,0,0,0,0,0,1,0,0,0
2022-02-15,300.0,307.6666565,297.793335,307.4766541,307.4766541,57286200,15.556640700000003,88.0,0.3002852272727273,0,0,0,0,0,0,0,0,0,0,0,0,0,0,0,0,0,0,0,0,1,0,0,0
2022-02-16,304.6833191,308.8099976,300.4033203,307.7966614,307.7966614,51294300,0.3200072999999861,75.0,0.155032,0,0,0,0,0,0,0,0,0,0,0,0,0,0,0,0,0,0,0,0,1,0,0,0
2022-02-17,304.4200134,306.1666565,291.3666687,292.1166687,292.1166687,55178400,-15.679992700000014,102.0,0.11770980392156861,0,0,0,0,0,0,0,0,0,0,0,0,0,0,0,0,0,0,0,0,1,0,0,0
2022-02-18,295.3333435,295.6233215,279.2033386,285.6600037,285.6600037,68501700,-6.456664999999987,85.0,0.17951411764705882,0,0,0,0,0,0,0,0,0,0,0,0,0,0,0,0,0,0,0,0,1,0,0,0
2022-02-22,278.043335,285.5766602,267.0333252,273.8433228,273.8433228,83288100,-11.816680899999994,103.0,0.16207184466019417,0,0,0,0,0,0,0,0,0,0,0,0,0,0,0,0,0,0,0,0,1,0,0,0
2022-02-23,276.8099976,278.4333191,253.5200043,254.6799927,254.6799927,95256900,-19.163330099999996,154.0,0.11588311688311688,0,0,0,0,0,0,0,0,0,0,0,0,0,0,0,0,0,0,0,0,1,0,0,0
2022-02-24,233.4633331,267.4933472,233.3333282,266.9233398,266.9233398,135322200,12.243347099999994,106.0,0.01841037735849056,0,0,0,0,0,0,0,0,0,0,0,0,0,0,0,0,0,0,0,0,1,0,0,0
2022-02-25,269.7433472,273.1666565,260.7999878,269.956665,269.956665,76067700,3.033325199999979,61.0,0.15315081967213115,0,0,0,0,0,0,0,0,0,0,0,0,0,0,0,0,0,0,0,0,1,0,0,0
2022-02-28,271.6700134,292.2866821,271.5700073,290.1433411,290.1433411,99006900,20.1866761,103.0,0.1455980582524272,0,0,0,0,0,0,0,0,0,0,0,0,0,0,0,0,0,0,0,0,1,0,0,0
2022-03-01,289.8933411,296.6266785,284.5933228,288.1233215,288.1233215,74766900,-2.020019600000012,76.0,0.2240078947368421,0,0,0,0,0,0,0,0,0,0,0,0,0,0,0,0,0,0,0,0,1,0,0,0
2022-03-02,290.7099915,295.4933472,281.4233398,293.2966614,293.2966614,74643300,5.17333990000003,87.0,0.1703425287356322,0,0,0,0,0,0,0,0,0,0,0,0,0,0,0,0,0,0,0,0,1,0,0,0
2022-03-03,292.9233398,295.480011,277.5333252,279.7633362,279.7633362,61623600,-13.533325199999979,90.0,0.19579111111111114,0,0,0,0,0,0,0,0,0,0,0,0,0,0,0,0,0,0,0,0,1,0,0,0
2022-03-04,283.0333252,285.2166748,275.0533447,279.4299927,279.4299927,66999600,-0.3333435000000122,107.0,0.23852523364485984,0,0,0,0,0,0,0,0,0,0,0,0,0,0,0,0,0,0,0,0,1,0,0,0
2022-03-07,285.4333191,288.7133179,268.1900024,268.1933289,268.1933289,72494100,-11.23666380000003,84.0,0.17101904761904763,0,0,0,0,0,0,0,0,0,0,0,0,0,0,0,0,0,0,0,0,1,0,0,0
2022-03-08,265.1766663,283.3299866,260.7233276,274.7999878,274.7999878,80399100,6.6066589000000135,101.0,0.15947128712871286,0,0,0,0,0,0,0,0,0,0,0,0,0,0,0,0,0,0,0,0,1,0,0,0
2022-03-09,279.8266602,286.8533325,277.3366699,286.3233337,286.3233337,59184000,11.523345899999981,86.0,0.1897732558139535,0,0,0,0,0,0,0,0,0,0,0,0,0,0,0,0,0,0,0,0,1,0,0,0
2022-03-10,283.8166809,284.8166809,270.1199951,279.4333191,279.4333191,58648500,-6.890014599999972,102.0,0.1425862745098039,0,0,0,0,0,0,0,0,0,0,0,0,0,0,0,0,0,0,0,0,1,0,0,0
2022-03-11,280.0666809,281.2666626,264.5899963,265.1166687,265.1166687,67037100,-14.316650400000015,94.0,0.043507446808510646,0,0,0,0,0,0,0,0,0,0,0,0,0,0,0,0,0,0,0,0,1,0,0,0
2022-03-14,260.2033386,266.8999939,252.0133362,255.456665,255.456665,71152200,-9.660003700000004,94.0,-0.0029010638297872317,0,0,0,0,0,0,0,0,0,0,0,0,0,0,0,0,0,0,0,0,1,0,0,0
2022-03-15,258.4233398,268.5233459,252.1900024,267.2966614,267.2966614,66841200,11.839996400000018,99.0,0.137320202020202,0,0,0,0,0,0,0,0,0,0,0,0,0,0,0,0,0,0,0,0,1,0,0,0
2022-03-16,269.6666565,280.6666565,267.4200134,280.0766602,280.0766602,84028800,12.779998799999987,82.0,0.11482195121951219,0,0,0,0,0,0,0,0,0,0,0,0,0,0,0,0,0,0,0,0,1,0,0,0
2022-03-17,276.9966736,291.6666565,275.2399902,290.5333252,290.5333252,66582900,10.456664999999987,81.0,0.2538037037037037,0,0,0,0,0,0,0,0,0,0,0,0,0,0,0,0,0,0,0,0,1,0,0,0
2022-03-18,291.4966736,302.6166687,289.1300049,301.7966614,301.7966614,100414200,11.263336200000026,82.0,0.22743048780487804,0,0,0,0,0,0,0,0,0,0,0,0,0,0,0,0,0,0,0,0,1,0,0,0
2022-03-21,304.9933472,314.2833252,302.3633423,307.0533447,307.0533447,81981600,5.25668330000002,99.0,0.146089898989899,0,0,0,0,0,0,0,0,0,0,0,0,0,0,0,0,0,0,0,0,1,0,0,0
2022-03-22,310.0,332.6199951,307.25,331.3266602,331.3266602,105868500,24.273315499999967,218.0,0.22555091743119265,0,0,0,0,0,0,0,0,0,0,0,0,0,0,0,0,0,0,0,0,1,0,0,0
2022-03-23,326.6466675,346.8999939,325.4666748,333.0366821,333.0366821,120676200,1.7100219000000152,129.0,0.1803170542635659,0,0,0,0,0,0,0,0,0,0,0,0,0,0,0,0,0,0,0,0,1,0,0,0
2022-03-24,336.5766602,341.4966736,329.6000061,337.9733276,337.9733276,68920800,4.936645499999997,100.0,0.234054,0,0,0,0,0,0,0,0,0,0,0,0,0,0,0,0,0,0,0,0,1,0,0,0
2022-03-25,336.0,340.6000061,332.4400024,336.8800049,336.8800049,62031600,-1.0933226999999874,80.0,0.2054325,0,0,0,0,0,0,0,0,0,0,0,0,0,0,0,0,0,0,0,0,1,0,0,0
2022-03-28,355.0333252,365.9599915,351.2000122,363.9466553,363.9466553,102506100,27.066650399999958,196.0,0.1940964285714286,0,0,0,0,0,0,0,0,0,0,0,0,0,0,0,0,0,0,0,0,1,0,0,0
2022-03-29,369.3299866,371.5899963,357.7033386,366.5233459,366.5233459,73614900,2.5766906000000063,103.0,0.203178640776699,0,0,0,0,0,0,0,0,0,0,0,0,0,0,0,0,0,0,0,0,1,0,0,0
2022-03-30,363.7233276,371.3166809,361.3333435,364.6633301,364.6633301,59865000,-1.8600157999999851,98.0,0.07740816326530613,0,0,0,0,0,0,0,0,0,0,0,0,0,0,0,0,0,0,0,0,1,0,0,0
2022-03-31,364.8566589,367.7133179,358.8800049,359.2000122,359.2000122,48992700,-5.463317899999993,92.0,0.22671195652173914,0,0,0,0,0,0,0,0,0,0,0,0,0,0,0,0,0,0,0,0,1,0,0,0
2022-04-01,360.3833313,364.9166565,355.5466614,361.5299988,361.5299988,54263100,2.329986599999984,113.0,0.10144690265486725,0,0,0,0,0,0,0,0,0,0,0,0,0,0,0,0,0,0,0,0,1,0,0,0
2022-04-04,363.1266785,383.3033447,357.5100098,381.8166809,381.8166809,82035900,20.286682100000007,154.0,0.20944805194805197,0,0,0,0,0,0,0,0,0,0,0,0,0,0,0,0,0,0,0,0,1,0,0,0
2022-04-05,378.7666626,384.2900085,362.4333191,363.7533264,363.7533264,80075100,-18.063354500000003,112.0,0.15056339285714285,0,0,0,0,0,0,0,0,0,0,0,0,0,0,0,0,0,0,0,0,1,0,0,0
2022-04-06,357.8233337,359.6666565,342.5666809,348.5866699,348.5866699,89348400,-15.166656499999988,96.0,0.17008541666666666,0,0,0,0,0,0,0,0,0,0,0,0,0,0,0,0,0,0,0,0,1,0,0,0
2022-04-07,350.7966614,358.8633423,340.5133362,352.4200134,352.4200134,79447200,3.8333435000000122,144.0,0.2079513888888889,0,0,0,0,0,0,0,0,0,0,0,0,0,0,0,0,0,0,0,0,1,0,0,0
2022-04-08,347.7366638,349.480011,340.813324,341.8299866,341.8299866,55013700,-10.590026800000032,241.0,0.25139502074688796,0,0,0,0,0,0,0,0,0,0,0,0,0,0,0,0,0,0,0,0,1,0,0,0
2022-04-11,326.7999878,336.1566772,324.8800049,325.3099976,325.3099976,59357100,-16.51998900000001,117.0,0.1713102564102564,0,0,0,0,0,0,0,0,0,0,0,0,0,0,0,0,0,0,0,0,1,0,0,0
2022-04-12,332.5466614,340.3966675,325.5333252,328.9833374,328.9833374,65976000,3.673339800000008,94.0,0.1353,0,0,0,0,0,0,0,0,0,0,0,0,0,0,0,0,0,0,0,0,1,0,0,0
2022-04-13,327.0266724,342.0799866,324.3666687,340.7900085,340.7900085,55121100,11.806671100000017,89.0,0.10820224719101125,0,0,0,0,0,0,0,0,0,0,0,0,0,0,0,0,0,0,0,0,1,0,0,0
2022-04-14,333.0966797,337.5700073,327.3966675,328.3333435,328.3333435,58422300,-12.456664999999987,179.0,0.14729497206703912,0,0,0,0,0,0,0,0,0,0,0,0,0,0,0,0,0,0,0,0,1,0,0,0
2022-04-18,329.6766663,338.3066711,324.4700012,334.7633362,334.7633362,51715200,6.429992700000014,107.0,0.06634953271028038,0,0,0,0,0,0,0,0,0,0,0,0,0,0,0,0,0,0,0,0,1,0,0,0
2022-04-19,335.019989,344.980011,331.7766724,342.7166748,342.7166748,49847700,7.953338599999995,97.0,0.10641340206185568,0,0,0,0,0,0,0,0,0,0,0,0,0,0,0,0,0,0,0,0,1,0,0,0
2022-04-20,343.3333435,344.6666565,325.0833435,325.7333374,325.7333374,70711200,-16.98333740000004,350.0,0.16059257142857142,0,0,0,0,0,0,0,0,0,0,0,0,0,0,0,0,0,0,0,0,1,0,0,0
2022-04-21,358.2433472,364.0733337,332.1400146,336.2600098,336.2600098,105416400,10.526672399999995,206.0,0.1531504854368932,0,0,0,0,0,0,0,0,0,0,0,0,0,0,0,0,0,0,0,0,1,0,0,0
2022-04-22,338.3033447,344.9500122,331.3333435,335.0166626,335.0166626,69696600,-1.2433471999999597,114.0,0.09414298245614035,0,0,0,0,0,0,0,0,0,0,0,0,0,0,0,0,0,0,0,0,1,0,0,0
2022-04-25,326.3233337,336.206665,325.1000061,332.6733398,332.6733398,68341200,-2.34332280000001,156.0,0.22200641025641027,0,0,0,0,0,0,0,0,0,0,0,0,0,0,0,0,0,0,0,0,1,0,0,0
2022-04-26,331.8099976,333.3333435,291.6666565,292.1400146,292.1400146,136133700,-40.533325200000036,217.0,0.10259170506912442,0,0,0,0,0,0,0,0,0,0,0,0,0,0,0,0,0,0,0,0,1,0,0,0
2022-04-27,299.5266724,306.0,292.4533386,293.8366699,293.8366699,76956300,1.6966553000000317,123.0,0.1494829268292683,0,0,0,0,0,0,0,0,0,0,0,0,0,0,0,0,0,0,0,0,1,0,0,0
2022-04-28,299.9933472,300.0,273.8999939,292.5033264,292.5033264,124948500,-1.3333435000000122,138.0,0.12982753623188406,0,0,0,0,0,0,0,0,0,0,0,0,0,0,0,0,0,0,0,0,1,0,0,0
2022-04-29,300.75,311.4666748,290.0,290.2533264,290.2533264,88133100,-2.25,218.0,0.21781697247706422,0,0,0,0,0,0,0,0,0,0,0,0,0,0,0,0,0,0,0,0,1,0,0,0
2022-05-02,286.9233398,302.1199951,282.6766663,300.980011,300.980011,75781500,10.726684599999999,103.0,0.23860291262135921,0,0,0,0,0,0,0,0,0,0,0,0,0,0,0,0,0,0,0,0,1,0,0,0
2022-05-03,301.0599976,308.0266724,296.1966553,303.0833435,303.0833435,63709500,2.103332500000022,71.0,0.2008281690140845,0,0,0,0,0,0,0,0,0,0,0,0,0,0,0,0,0,0,0,0,1,0,0,0
2022-05-04,301.313324,318.5,295.0933228,317.5400085,317.5400085,81643800,14.456664999999987,94.0,0.17110744680851064,0,0,0,0,0,0,0,0,0,0,0,0,0,0,0,0,0,0,0,0,1,0,0,0
2022-05-05,313.0066528,315.2000122,285.8999939,291.0933228,291.0933228,92519100,-26.44668569999999,99.0,0.1731888888888889,0,0,0,0,0,0,0,0,0,0,0,0,0,0,0,0,0,0,0,0,1,0,0,0
2022-05-06,295.6666565,296.0,281.0366821,288.5499878,288.5499878,72903000,-2.5433350000000132,124.0,0.16087338709677418,0,0,0,0,0,0,0,0,0,0,0,0,0,0,0,0,0,0,0,0,1,0,0,0
2022-05-09,278.8166809,281.8766785,260.3833313,262.3699951,262.3699951,90810300,-26.179992700000014,125.0,0.1113224,0,0,0,0,0,0,0,0,0,0,0,0,0,0,0,0,0,0,0,0,1,0,0,0
2022-05-10,273.1033325,275.1199951,258.0833435,266.6799927,266.6799927,84401700,4.309997600000031,146.0,0.09265342465753425,0,0,0,0,0,0,0,0,0,0,0,0,0,0,0,0,0,0,0,0,1,0,0,0
2022-05-11,265.0,269.9233398,242.3999939,244.6666718,244.6666718,97224600,-22.013320900000025,137.0,0.06664014598540145,0,0,0,0,0,0,0,0,0,0,0,0,0,0,0,0,0,0,0,0,1,0,0,0
2022-05-12,233.6666718,253.2200012,226.6666718,242.6666718,242.6666718,140313000,-2.0,137.0,0.11669343065693431,0,0,0,0,0,0,0,0,0,0,0,0,0,0,0,0,0,0,0,0,1,0,0,0
2022-05-13,257.8266602,262.4500122,250.5233307,256.5299988,256.5299988,92150700,13.863326999999998,111.0,0.18407297297297298,0,0,0,0,0,0,0,0,0,0,0,0,0,0,0,0,0,0,0,0,1,0,0,0
2022-05-16,255.7200012,256.5866699,239.6966705,241.456665,241.456665,86098500,-15.0733338,112.0,0.03559017857142857,0,0,0,0,0,0,0,0,0,0,0,0,0,0,0,0,0,0,0,0,1,0,0,0
2022-05-17,249.1199951,254.8266602,242.9499969,253.8699951,253.8699951,80236200,12.413330100000024,85.0,0.057316470588235295,0,0,0,0,0,0,0,0,0,0,0,0,0,0,0,0,0,0,0,0,1,0,0,0
2022-05-18,248.1733398,253.5,233.6033325,236.6033325,236.6033325,87811800,-17.266662600000018,131.0,0.057754961832061066,0,0,0,0,0,0,0,0,0,0,0,0,0,0,0,0,0,0,0,0,1,0,0,0
2022-05-19,235.6666718,244.6666718,231.3699951,236.4733276,236.4733276,90296700,-0.13000489999998877,142.0,0.07566760563380281,0,0,0,0,0,0,0,0,0,0,0,0,0,0,0,0,0,0,0,0,1,0,0,0
2022-05-20,237.9966736,240.5266724,211.0,221.3000031,221.3000031,144973200,-15.173324500000007,242.0,0.13445413223140495,0,0,0,0,0,0,0,0,0,0,0,0,0,0,0,0,0,0,0,0,1,0,0,0
2022-05-23,218.3399963,226.6533356,212.6866608,224.9666595,224.9666595,88903500,3.6666563999999937,138.0,0.09371521739130435,0,0,0,0,0,0,0,0,0,0,0,0,0,0,0,0,0,0,0,0,1,0,0,0
2022-05-24,217.843338,217.9733276,206.8566742,209.386673,209.386673,89092500,-15.57998649999999,142.0,0.1158112676056338,0,0,0,0,0,0,0,0,0,0,0,0,0,0,0,0,0,0,0,0,1,0,0,0
2022-05-25,207.9499969,223.1066742,207.6699982,219.6000061,219.6000061,92139300,10.2133331,128.0,0.08374140625,0,0,0,0,0,0,0,0,0,0,0,0,0,0,0,0,0,0,0,0,1,0,0,0
2022-05-26,220.4733276,239.5566711,217.886673,235.9100037,235.9100037,106003200,16.309997600000003,86.0,0.22813953488372093,0,0,0,0,0,0,0,0,0,0,0,0,0,0,0,0,0,0,0,0,1,0,0,0
2022-05-27,241.0833282,253.2666626,240.1766663,253.2100067,253.2100067,89295000,17.300003000000004,98.0,0.18315306122448982,0,0,0,0,0,0,0,0,0,0,0,0,0,0,0,0,0,0,0,0,1,0,0,0
2022-05-31,257.9466553,259.6000061,244.7433319,252.7533264,252.7533264,101914500,-0.45668030000001636,69.0,0.22538405797101452,0,0,0,0,0,0,0,0,0,0,0,0,0,0,0,0,0,0,0,0,1,0,0,0
2022-06-01,251.7200012,257.3266602,243.6399994,246.7899933,246.7899933,77247900,-5.9633331,92.0,0.15906521739130436,0,0,0,0,0,0,0,0,0,0,0,0,0,0,0,0,0,0,0,0,1,0,0,0
2022-06-02,244.156662,264.2099915,242.0666656,258.3333435,258.3333435,93473100,11.54335020000002,125.0,0.20350559999999998,0,0,0,0,0,0,0,0,0,0,0,0,0,0,0,0,0,0,0,0,1,0,0,0
2022-06-03,243.2266693,247.7966614,233.4166718,234.5166626,234.5166626,112393800,-23.816680900000023,202.0,0.05365247524752475,0,0,0,0,0,0,0,0,0,0,0,0,0,0,0,0,0,0,0,0,1,0,0,0
2022-06-06,244.3533325,244.8666687,234.3500061,238.2799988,238.2799988,84204600,3.7633361999999977,80.0,0.07982750000000001,0,0,0,0,0,0,0,0,0,0,0,0,0,0,0,0,0,0,0,0,1,0,0,0
2022-06-07,234.0,239.9966736,230.093338,238.886673,238.886673,72808500,0.6066742000000147,79.0,0.10874556962025315,0,0,0,0,0,0,0,0,0,0,0,0,0,0,0,0,0,0,0,0,1,0,0,0
2022-06-08,240.0866699,249.9633331,239.1766663,241.8666687,241.8666687,76210500,2.9799956999999893,85.0,0.18050941176470586,0,0,0,0,0,0,0,0,0,0,0,0,0,0,0,0,0,0,0,0,1,0,0,0
2022-06-09,249.3399963,255.5466614,239.3266602,239.706665,239.706665,96491400,-2.1600037000000043,122.0,0.2422,0,0,0,0,0,0,0,0,0,0,0,0,0,0,0,0,0,0,0,0,1,0,0,0
2022-06-10,235.156662,239.5,227.9133301,232.2299957,232.2299957,97536600,-7.4766692999999975,138.0,0.19818985507246378,0,0,0,0,0,0,0,0,0,0,0,0,0,0,0,0,0,0,0,0,1,0,0,0
2022-06-13,223.1666718,226.6333313,214.6833344,215.7366638,215.7366638,102767400,-16.493331899999987,108.0,0.12048518518518518,0,0,0,0,0,0,0,0,0,0,0,0,0,0,0,0,0,0,0,0,1,0,0,0
2022-06-14,218.2866669,226.3300018,211.7366638,220.8899994,220.8899994,97988700,5.153335599999991,73.0,0.17463698630136987,0,0,0,0,0,0,0,0,0,0,0,0,0,0,0,0,0,0,0,0,1,0,0,0
2022-06-15,220.9166718,235.6633301,218.1499939,233.0,233.0,119131800,12.110000600000006,88.0,0.22859431818181816,0,0,0,0,0,0,0,0,0,0,0,0,0,0,0,0,0,0,0,0,1,0,0,0
2022-06-16,222.7366638,225.1666718,208.6933289,213.1000061,213.1000061,107390700,-19.8999939,84.0,0.10444761904761905,0,0,0,0,0,0,0,0,0,0,0,0,0,0,0,0,0,0,0,0,1,0,0,0
2022-06-17,213.4333344,220.9700012,213.1966705,216.7599945,216.7599945,92641800,3.659988400000003,57.0,-0.03220877192982456,0,0,0,0,0,0,0,0,0,0,0,0,0,0,0,0,0,0,0,0,1,0,0,0
2022-06-21,224.6033325,243.5766602,224.3333282,237.0366669,237.0366669,122793000,20.276672399999995,88.0,0.1393625,0,0,0,0,0,0,0,0,0,0,0,0,0,0,0,0,0,0,0,0,1,0,0,0
2022-06-22,234.5033264,246.8333282,233.8266602,236.0866699,236.0866699,101107500,-0.9499969999999962,98.0,0.1335938775510204,0,0,0,0,0,0,0,0,0,0,0,0,0,0,0,0,0,0,0,0,1,0,0,0
2022-06-23,237.906662,239.3166656,228.636673,235.0700073,235.0700073,104202600,-1.0166626000000178,78.0,0.016585897435897435,0,0,0,0,0,0,0,0,0,0,0,0,0,0,0,0,0,0,0,0,1,0,0,0
2022-06-24,237.4700012,246.0666656,236.0866699,245.706665,245.706665,95770800,10.6366577,54.0,0.12438148148148148,0,0,0,0,0,0,0,0,0,0,0,0,0,0,0,0,0,0,0,0,1,0,0,0
2022-06-27,249.3666687,252.0700073,242.5666656,244.9199982,244.9199982,89178300,-0.7866667999999777,46.0,0.22153913043478263,0,0,0,0,0,0,0,0,0,0,0,0,0,0,0,0,0,0,0,0,1,0,0,0
2022-06-28,244.4833374,249.9700012,232.343338,232.6633301,232.6633301,90391200,-12.256668100000013,68.0,0.18309117647058826,0,0,0,0,0,0,0,0,0,0,0,0,0,0,0,0,0,0,0,0,1,0,0,0
2022-06-29,230.5,231.1733398,222.2733307,228.4900055,228.4900055,82897200,-4.173324600000001,80.0,0.14646625,0,0,0,0,0,0,0,0,0,0,0,0,0,0,0,0,0,0,0,0,1,0,0,0
2022-06-30,224.5099945,229.456665,218.863327,224.4733276,224.4733276,94600500,-4.016677899999991,77.0,0.06885714285714287,0,0,0,0,0,0,0,0,0,0,0,0,0,0,0,0,0,0,0,0,1,0,0,0
2022-07-01,227.0,230.2299957,222.1199951,227.2633362,227.2633362,74460300,2.790008599999993,76.0,0.14377763157894735,0,0,0,0,0,0,0,0,0,0,0,0,0,0,0,0,0,0,0,0,1,0,0,0
2022-07-05,223.0,233.1466675,216.1666718,233.0666656,233.0666656,84581100,5.8033293999999955,86.0,0.07433837209302326,0,0,0,0,0,0,0,0,0,0,0,0,0,0,0,0,0,0,0,0,1,0,0,0
2022-07-06,230.7799988,234.5633392,227.1866608,231.7333374,231.7333374,71853600,-1.3333281999999826,78.0,0.18986666666666666,0,0,0,0,0,0,0,0,0,0,0,0,0,0,0,0,0,0,0,0,1,0,0,0
2022-07-07,233.9199982,245.363327,232.2100067,244.543335,244.543335,81930600,12.809997600000003,69.0,0.05511304347826087,0,0,0,0,0,0,0,0,0,0,0,0,0,0,0,0,0,0,0,0,1,0,0,0
2022-07-08,242.3333282,254.9799957,241.1600037,250.7633362,250.7633362,101854200,6.2200011999999845,114.0,0.23464385964912282,0,0,0,0,0,0,0,0,0,0,0,0,0,0,0,0,0,0,0,0,1,0,0,0
2022-07-11,252.1033325,253.0633392,233.6266632,234.343338,234.343338,99241200,-16.41999820000001,90.0,0.09615222222222222,0,0,0,0,0,0,0,0,0,0,0,0,0,0,0,0,0,0,0,0,1,0,0,0
2022-07-12,236.8466644,239.7733307,228.3699951,233.0700073,233.0700073,87930900,-1.2733307000000025,77.0,0.08823376623376623,0,0,0,0,0,0,0,0,0,0,0,0,0,0,0,0,0,0,0,0,1,0,0,0
2022-07-13,225.5,242.0599976,225.0333405,237.0399933,237.0399933,97954500,3.969986000000006,111.0,0.11516576576576577,0,0,0,0,0,0,0,0,0,0,0,0,0,0,0,0,0,0,0,0,1,0,0,0
2022-07-14,234.8966675,238.6533356,229.3333282,238.3133392,238.3133392,78557400,1.2733459000000096,80.0,0.20509624999999998,0,0,0,0,0,0,0,0,0,0,0,0,0,0,0,0,0,0,0,0,1,0,0,0
2022-07-15,240.0,243.6233368,236.8899994,240.0666656,240.0666656,69683100,1.7533263999999917,69.0,0.15350289855072463,0,0,0,0,0,0,0,0,0,0,0,0,0,0,0,0,0,0,0,0,1,0,0,0
2022-07-18,244.9366608,250.5166626,239.6033325,240.5466614,240.5466614,82537500,0.47999580000001174,62.0,0.21384354838709677,0,0,0,0,0,0,0,0,0,0,0,0,0,0,0,0,0,0,0,0,1,0,0,0
2022-07-19,245.0,247.1399994,236.9766693,245.5299988,245.5299988,80890200,4.983337399999982,91.0,0.0980989010989011,0,0,0,0,0,0,0,0,0,0,0,0,0,0,0,0,0,0,0,0,1,0,0,0
2022-07-20,246.7833405,250.6633301,243.4833374,247.5,247.5,88864200,1.9700012000000129,269.0,0.09667955390334572,0,0,0,0,0,0,0,0,0,0,0,0,0,0,0,0,0,0,0,0,1,0,0,0
2022-07-21,255.1066742,273.2666626,254.8666687,271.706665,271.706665,142032300,24.206664999999987,199.0,0.13189597989949747,0,0,0,0,0,0,0,0,0,0,0,0,0,0,0,0,0,0,0,0,1,0,0,0
2022-07-22,276.2200012,280.7866821,270.7133179,272.2433472,272.2433472,103472700,0.5366822000000298,82.0,0.20349390243902438,0,0,0,0,0,0,0,0,0,0,0,0,0,0,0,0,0,0,0,0,1,0,0,0
2022-07-25,272.2166748,274.1466675,267.3999939,268.4333191,268.4333191,64073400,-3.810028100000011,84.0,0.2365357142857143,0,0,0,0,0,0,0,0,0,0,0,0,0,0,0,0,0,0,0,0,1,0,0,0
2022-07-26,266.5133362,267.3099976,256.2633362,258.8599854,258.8599854,66820800,-9.573333699999978,76.0,0.10254736842105262,0,0,0,0,0,0,0,0,0,0,0,0,0,0,0,0,0,0,0,0,1,0,0,0
2022-07-27,263.8099976,275.9266663,261.7900085,274.8200073,274.8200073,88110000,15.960021899999958,63.0,0.13026031746031747,0,0,0,0,0,0,0,0,0,0,0,0,0,0,0,0,0,0,0,0,1,0,0,0
2022-07-28,280.0666809,283.2999878,272.7999878,280.8999939,280.8999939,84723000,6.079986600000041,91.0,0.2876802197802198,0,0,0,0,0,0,0,0,0,0,0,0,0,0,0,0,0,0,0,0,1,0,0,0
2022-07-29,280.7000122,298.3200073,279.1000061,297.1499939,297.1499939,95313000,16.25,106.0,0.19957075471698113,0,0,0,0,0,0,0,0,0,0,0,0,0,0,0,0,0,0,0,0,1,0,0,0
2022-08-01,301.2766724,311.8766785,295.0,297.2766724,297.2766724,117042900,0.1266784999999686,93.0,0.15058064516129033,0,0,0,0,0,0,0,0,0,0,0,0,0,0,0,0,0,0,0,0,1,0,0,0
2022-08-02,294.0033264,307.8333435,292.6666565,300.5866699,300.5866699,95577600,3.3099975000000086,87.0,0.2350919540229885,0,0,0,0,0,0,0,0,0,0,0,0,0,0,0,0,0,0,0,0,1,0,0,0
2022-08-03,305.0,309.5499878,301.1499939,307.3966675,307.3966675,80091000,6.809997599999974,91.0,0.19343076923076924,0,0,0,0,0,0,0,0,0,0,0,0,0,0,0,0,0,0,0,0,1,0,0,0
2022-08-04,311.0,313.6066589,305.0,308.6333313,308.6333313,72256200,1.2366638000000307,167.0,0.1534832335329341,0,0,0,0,0,0,0,0,0,0,0,0,0,0,0,0,0,0,0,0,1,0,0,0
2022-08-05,302.6700134,304.6066589,285.543335,288.1700134,288.1700134,113172900,-20.463317899999993,147.0,0.2220687074829932,0,0,0,0,0,0,0,0,0,0,0,0,0,0,0,0,0,0,0,0,1,0,0,0
2022-08-08,295.0,305.2000122,289.0866699,290.4233398,290.4233398,98994000,2.2533263999999917,99.0,0.13608989898989898,0,0,0,0,0,0,0,0,0,0,0,0,0,0,0,0,0,0,0,0,1,0,0,0
2022-08-09,290.293335,292.3966675,279.3533325,283.3333435,283.3333435,86244600,-7.089996299999996,106.0,0.07725377358490566,0,0,0,0,0,0,0,0,0,0,0,0,0,0,0,0,0,0,0,0,1,0,0,0
2022-08-10,297.0666809,297.5100098,283.3699951,294.3566589,294.3566589,94918800,11.023315400000001,209.0,0.17122009569377988,0,0,0,0,0,0,0,0,0,0,0,0,0,0,0,0,0,0,0,0,1,0,0,0
2022-08-11,296.5133362,298.2366638,285.8333435,286.6300049,286.6300049,70155000,-7.726653999999996,95.0,0.16812,0,0,0,0,0,0,0,0,0,0,0,0,0,0,0,0,0,0,0,0,1,0,0,0
2022-08-12,289.4166565,300.1600037,285.0333252,300.0299988,300.0299988,79657200,13.39999389999997,99.0,0.16517979797979795,0,0,0,0,0,0,0,0,0,0,0,0,0,0,0,0,0,0,0,0,1,0,0,0
2022-08-15,301.7866821,313.1333313,301.230011,309.3200073,309.3200073,89359200,9.290008499999999,126.0,0.12987619047619048,0,0,0,0,0,0,0,0,0,0,0,0,0,0,0,0,0,0,0,0,1,0,0,0
2022-08-16,311.6666565,314.6666565,302.8833313,306.563324,306.563324,88136400,-2.7566832999999633,97.0,0.17609896907216496,0,0,0,0,0,0,0,0,0,0,0,0,0,0,0,0,0,0,0,0,1,0,0,0
2022-08-17,303.3966675,309.6566772,300.0333252,303.9966736,303.9966736,68766000,-2.5666504000000145,115.0,0.03788347826086957,0,0,0,0,0,0,0,0,0,0,0,0,0,0,0,0,0,0,0,0,1,0,0,0
2022-08-18,306.0,306.5,301.8533325,302.8699951,302.8699951,47500500,-1.1266785000000255,92.0,0.1564108695652174,0,0,0,0,0,0,0,0,0,0,0,0,0,0,0,0,0,0,0,0,1,0,0,0
2022-08-19,299.0,300.3599854,292.5,296.6666565,296.6666565,61395300,-6.203338599999995,68.0,0.33621470588235297,0,0,0,0,0,0,0,0,0,0,0,0,0,0,0,0,0,0,0,0,1,0,0,0
2022-08-22,291.9133301,292.3999939,286.2966614,289.9133301,289.9133301,55843200,-6.753326399999992,100.0,0.212739,0,0,0,0,0,0,0,0,0,0,0,0,0,0,0,0,0,0,0,0,1,0,0,0
2022-08-23,291.4533386,298.8266602,287.9233398,296.4533386,296.4533386,63984900,6.540008499999999,100.0,0.10317399999999999,0,0,0,0,0,0,0,0,0,0,0,0,0,0,0,0,0,0,0,0,1,0,0,0
2022-08-24,297.563324,303.6466675,296.5,297.0966797,297.0966797,57259800,0.6433410999999865,112.0,0.12431696428571429,0,0,0,0,0,0,0,0,0,0,0,0,0,0,0,0,0,0,0,0,1,0,0,0
2022-08-25,302.3599854,302.9599915,291.6000061,296.0700073,296.0700073,53230000,-1.0266723999999954,142.0,0.17516830985915494,0,0,0,0,0,0,0,0,0,0,0,0,0,0,0,0,0,0,0,0,1,0,0,0
2022-08-26,297.4299927,302.0,287.4700012,288.0899963,288.0899963,57163900,-7.98001099999999,77.0,0.14968701298701298,0,0,0,0,0,0,0,0,0,0,0,0,0,0,0,0,0,0,0,0,1,0,0,0
2022-08-29,282.8299866,287.7399902,280.7000122,284.8200073,284.8200073,41864700,-3.2699890000000096,87.0,0.19140229885057472,0,0,0,0,0,0,0,0,0,0,0,0,0,0,0,0,0,0,0,0,1,0,0,0
2022-08-30,287.8699951,288.480011,272.6499939,277.7000122,277.7000122,50541800,-7.119995099999983,85.0,0.18978705882352942,0,0,0,0,0,0,0,0,0,0,0,0,0,0,0,0,0,0,0,0,1,0,0,0
2022-08-31,280.6199951,281.25,271.8099976,275.6099854,275.6099854,52107300,-2.0900267999999755,64.0,0.21573125,0,0,0,0,0,0,0,0,0,0,0,0,0,0,0,0,0,0,0,0,1,0,0,0
2022-09-01,272.5799866,277.5799866,266.1499939,277.1600037,277.1600037,54287000,1.5500182999999765,78.0,0.16906794871794872,0,0,0,0,0,0,0,0,0,0,0,0,0,0,0,0,0,0,0,0,1,0,0,0
2022-09-02,281.0700073,282.3500061,269.0799866,270.2099915,270.2099915,50890100,-6.950012200000003,96.0,0.2428875,0,0,0,0,0,0,0,0,0,0,0,0,0,0,0,0,0,0,0,0,1,0,0,0
2022-09-06,272.6799927,275.9899902,265.7399902,274.4200134,274.4200134,55860000,4.210021900000015,82.0,0.11400365853658537,0,0,0,0,0,0,0,0,0,0,0,0,0,0,0,0,0,0,0,0,1,0,0,0
2022-09-07,273.1000061,283.8399963,272.269989,283.7000122,283.7000122,50028900,9.279998799999987,89.0,0.17844943820224718,0,0,0,0,0,0,0,0,0,0,0,0,0,0,0,0,0,0,0,0,1,0,0,0
2022-09-08,281.2999878,289.5,279.7600098,289.2600098,289.2600098,53713100,5.559997599999974,91.0,0.1153076923076923,0,0,0,0,0,0,0,0,0,0,0,0,0,0,0,0,0,0,0,0,1,0,0,0
2022-09-09,291.6700134,299.8500061,291.25,299.6799927,299.6799927,54338100,10.419982900000036,99.0,0.20113232323232322,0,0,0,0,0,0,0,0,0,0,0,0,0,0,0,0,0,0,0,0,1,0,0,0
2022-09-12,300.7200012,305.4899902,300.3999939,304.4200134,304.4200134,48674600,4.740020700000002,70.0,0.12248857142857142,0,0,0,0,0,0,0,0,0,0,0,0,0,0,0,0,0,0,0,0,1,0,0,0
2022-09-13,292.8999939,297.3999939,290.3999939,292.1300049,292.1300049,68229600,-12.290008499999999,73.0,0.13012465753424657,0,0,0,0,0,0,0,0,0,0,0,0,0,0,0,0,0,0,0,0,1,0,0,0
2022-09-14,292.2399902,306.0,291.6400146,302.6099854,302.6099854,72628700,10.47998050000001,108.0,0.13580555555555554,0,0,0,0,0,0,0,0,0,0,0,0,0,0,0,0,0,0,0,0,1,0,0,0
2022-09-15,301.8299866,309.1199951,300.7200012,303.75,303.75,64795500,1.1400145999999722,94.0,0.16428936170212766,0,0,0,0,0,0,0,0,0,0,0,0,0,0,0,0,0,0,0,0,1,0,0,0
2022-09-16,299.6099854,303.7099915,295.6000061,303.3500061,303.3500061,87087800,-0.39999390000002677,99.0,0.225189898989899,0,0,0,0,0,0,0,0,0,0,0,0,0,0,0,0,0,0,0,0,1,0,0,0
2022-09-19,300.0899963,309.8399963,297.7999878,309.0700073,309.0700073,60231200,5.720001200000013,87.0,0.18325172413793103,0,0,0,0,0,0,0,0,0,0,0,0,0,0,0,0,0,0,0,0,1,0,0,0
2022-09-20,306.9100037,313.3299866,305.5799866,308.730011,308.730011,61642800,-0.3399962999999957,81.0,0.06538395061728396,0,0,0,0,0,0,0,0,0,0,0,0,0,0,0,0,0,0,0,0,1,0,0,0
2022-09-21,308.2900085,313.7999878,300.6300049,300.7999878,300.7999878,62555700,-7.930023199999994,54.0,0.12696296296296297,0,0,0,0,0,0,0,0,0,0,0,0,0,0,0,0,0,0,0,0,1,0,0,0
2022-09-22,299.8599854,301.2900085,285.8200073,288.5899963,288.5899963,70545400,-12.209991500000001,83.0,0.07879156626506024,0,0,0,0,0,0,0,0,0,0,0,0,0,0,0,0,0,0,0,0,1,0,0,0
2022-09-23,283.0899963,284.5,272.8200073,275.3299866,275.3299866,63748400,-13.260009700000012,86.0,0.14933488372093023,0,0,0,0,0,0,0,0,0,0,0,0,0,0,0,0,0,0,0,0,1,0,0,0
2022-09-26,271.8299866,284.0899963,270.3099976,276.0100098,276.0100098,58076900,0.6800231999999937,72.0,0.12297083333333332,0,0,0,0,0,0,0,0,0,0,0,0,0,0,0,0,0,0,0,0,1,0,0,0
2022-09-27,283.8399963,288.6700134,277.5100098,282.9400024,282.9400024,61925200,6.929992600000048,85.0,0.19726470588235295,0,0,0,0,0,0,0,0,0,0,0,0,0,0,0,0,0,0,0,0,1,0,0,0
2022-09-28,283.0799866,289.0,277.5700073,287.8099976,287.8099976,54664800,4.8699951999999485,75.0,0.12640133333333334,0,0,0,0,0,0,0,0,0,0,0,0,0,0,0,0,0,0,0,0,1,0,0,0
2022-09-29,282.7600098,283.6499939,265.7799988,268.2099915,268.2099915,77620600,-19.600006099999973,112.0,0.05899642857142857,0,0,0,0,0,0,0,0,0,0,0,0,0,0,0,0,0,0,0,0,1,0,0,0